{
  "miou": 0.6884558279190927,
  "class_iou": {
    "background": 0.9222666977042598,
    "aeroplane": 0.7895404986705536,
    "bicycle": 0.326551167343063,
    "bird": 0.7905867438062261,
    "boat": 0.6846289010250907,
    "bottle": 0.6703107289808412,
    "bus": 0.8731046601464838,
    "car": 0.8034364936456576,
    "cat": 0.8624297720655874,
    "chair": 0.27317766462445836,
    "cow": 0.7062741368307981,
    "diningtable": 0.5566048460060441,
    "dog": 0.7881107084249682,
    "horse": 0.7106242613579993,
    "motorbike": 0.7377640456782042,
    "person": 0.794355370952808,
    "pottedplant": 0.4620962280667948,
    "sheep": 0.7878969830298871,
    "sofa": 0.4932639095427087,
    "train": 0.7638539281480617,
    "tvmonitor": 0.6606946402504501
  },
  "num_images": 1449
}